"Longitude (x)","Latitude (y)","Station Name","Climate ID","Date/Time","Year","Month","Day","Data Quality","Max Temp (°C)","Max Temp Flag","Min Temp (°C)","Min Temp Flag","Mean Temp (°C)","Mean Temp Flag","Heat Deg Days (°C)","Heat Deg Days Flag","Cool Deg Days (°C)","Cool Deg Days Flag","Total Rain (mm)","Total Rain Flag","Total Snow (cm)","Total Snow Flag","Total Precip (mm)","Total Precip Flag","Snow on Grnd (cm)","Snow on Grnd Flag","Dir of Max Gust (10s deg)","Dir of Max Gust Flag","Spd of Max Gust (km/h)","Spd of Max Gust Flag"
"-79.63","43.68","TORONTO INTL A","6158731","2023-01-01","2023","01","01","","4.2","","2.2","","3.2","","14.8","","0.0","","2.8","","0.0","T","2.8","","","","26","","38",""
"-79.63","43.68","TORONTO INTL A","6158731","2023-01-02","2023","01","02","","5.1","","1.9","","3.5","","14.5","","0.0","","0.0","","0.0","","0.0","","","","30","","31",""
"-79.63","43.68","TORONTO INTL A","6158731","2023-01-03","2023","01","03","","4.0","","0.4","","2.2","","15.8","","0.0","","4.0","","0.0","","4.0","","","","","M","","M"
"-79.63","43.68","TORONTO INTL A","6158731","2023-01-04","2023","01","04","","3.7","","2.1","","2.9","","15.1","","0.0","","20.8","","0.0","","20.8","","","","7","","35",""
"-79.63","43.68","TORONTO INTL A","6158731","2023-01-05","2023","01","05","","4.2","","2.3","","3.3","","14.7","","0.0","","1.2","","0.0","","1.2","","","","22","","34",""
"-79.63","43.68","TORONTO INTL A","6158731","2023-01-06","2023","01","06","","4.2","","1.5","","2.9","","15.1","","0.0","","0.2","","0.0","","0.2","","","","27","","35",""
"-79.63","43.68","TORONTO INTL A","6158731","2023-01-07","2023","01","07","","2.1","","-5.0","","-1.5","","19.5","","0.0","","0.0","","0.0","T","0.0","T","","","34","","36",""
"-79.63","43.68","TORONTO INTL A","6158731","2023-01-08","2023","01","08","","-2.2","","-5.9","","-4.1","","22.1","","0.0","","0.0","","0.0","T","0.0","T","","","","M","","M"
"-79.63","43.68","TORONTO INTL A","6158731","2023-01-09","2023","01","09","","1.2","","-2.8","","-0.8","","18.8","","0.0","","0.0","T","0.0","","0.0","T","","","28","","45",""
"-79.63","43.68","TORONTO INTL A","6158731","2023-01-10","2023","01","10","","0.8","","-2.4","","-0.8","","18.8","","0.0","","0.0","","0.0","","0.0","","","","","M","","M"
"-79.63","43.68","TORONTO INTL A","6158731","2023-01-11","2023","01","11","","1.4","","-5.1","","-1.9","","19.9","","0.0","","0.0","","0.2","","0.2","","","","9","","32",""
"-79.63","43.68","TORONTO INTL A","6158731","2023-01-12","2023","01","12","","3.6","","-0.5","","1.6","","16.4","","0.0","","3.4","","2.8","","6.2","","1","E","36","","53",""
"-79.63","43.68","TORONTO INTL A","6158731","2023-01-13","2023","01","13","","-0.5","","-9.4","","-5.0","","23.0","","0.0","","0.0","","4.6","","4.6","","6","","35","","60",""
"-79.63","43.68","TORONTO INTL A","6158731","2023-01-14","2023","01","14","","-3.2","","-10.6","","-6.9","","24.9","","0.0","","0.0","","0.0","","0.0","","6","","33","","38",""
"-79.63","43.68","TORONTO INTL A","6158731","2023-01-15","2023","01","15","","-1.4","","-11.0","","-6.2","","24.2","","0.0","","0.0","","0.0","","0.0","","2","","","M","","M"
"-79.63","43.68","TORONTO INTL A","6158731","2023-01-16","2023","01","16","","1.8","","-7.4","","-2.8","","20.8","","0.0","","0.0","","0.0","T","0.0","T","1","","","M","","M"
"-79.63","43.68","TORONTO INTL A","6158731","2023-01-17","2023","01","17","","4.4","","0.2","","2.3","","15.7","","0.0","","3.6","","0.2","","3.8","","0","T","28","","39",""
"-79.63","43.68","TORONTO INTL A","6158731","2023-01-18","2023","01","18","","4.9","","1.4","","3.2","","14.8","","0.0","","0.2","","0.0","","0.2","","","","28","","39",""
"-79.63","43.68","TORONTO INTL A","6158731","2023-01-19","2023","01","19","","3.3","","1.0","","2.2","","15.8","","0.0","","3.0","","0.2","","3.2","","","","10","","58",""
"-79.63","43.68","TORONTO INTL A","6158731","2023-01-20","2023","01","20","","2.6","","-1.5","","0.6","","17.4","","0.0","","1.4","","0.0","T","1.4","","","","30","","42",""
"-79.63","43.68","TORONTO INTL A","6158731","2023-01-21","2023","01","21","","0.2","","-2.0","","-0.9","","18.9","","0.0","","0.0","","0.0","T","0.0","T","","","22","","31",""
"-79.63","43.68","TORONTO INTL A","6158731","2023-01-22","2023","01","22","","1.3","","-2.8","","-0.8","","18.8","","0.0","","0.0","","2.8","","2.8","","2","E","","M","","M"
"-79.63","43.68","TORONTO INTL A","6158731","2023-01-23","2023","01","23","","2.0","","-3.2","","-0.6","","18.6","","0.0","","0.0","","0.0","","0.0","","2","","24","","53",""
"-79.63","43.68","TORONTO INTL A","6158731","2023-01-24","2023","01","24","","3.2","","-2.2","","0.5","","17.5","","0.0","","0.0","","0.2","","0.2","","0","T","26","","51",""
"-79.63","43.68","TORONTO INTL A","6158731","2023-01-25","2023","01","25","","1.4","","-2.1","","-0.4","","18.4","","0.0","","1.2","","13.8","","15.0","","0","T","11","","59",""
"-79.63","43.68","TORONTO INTL A","6158731","2023-01-26","2023","01","26","","1.4","","-3.8","","-1.2","","19.2","","0.0","","0.0","","1.2","","1.2","","9","","27","","54",""
"-79.63","43.68","TORONTO INTL A","6158731","2023-01-27","2023","01","27","","0.4","","-2.9","","-1.3","","19.3","","0.0","","0.0","","1.2","","0.8","","9","","19","","53",""
"-79.63","43.68","TORONTO INTL A","6158731","2023-01-28","2023","01","28","","2.1","","-2.8","","-0.4","","18.4","","0.0","","0.0","","0.4","","0.4","","10","","30","","53",""
"-79.63","43.68","TORONTO INTL A","6158731","2023-01-29","2023","01","29","","0.3","","-7.5","","-3.6","","21.6","","0.0","","0.0","","8.4","","8.2","","12","","33","","47",""
"-79.63","43.68","TORONTO INTL A","6158731","2023-01-30","2023","01","30","","-2.4","","-10.2","","-6.3","","24.3","","0.0","","0.0","","0.2","","0.2","","18","","29","","41",""
"-79.63","43.68","TORONTO INTL A","6158731","2023-01-31","2023","01","31","","-5.9","","-14.0","","-10.0","","28.0","","0.0","","0.0","","0.0","","0.0","","17","","29","","37",""
"-79.63","43.68","TORONTO INTL A","6158731","2023-02-01","2023","02","01","","-5.0","","-14.8","","-9.9","","27.9","","0.0","","0.0","","0.0","T","0.0","T","14","","25","","51",""
"-79.63","43.68","TORONTO INTL A","6158731","2023-02-02","2023","02","02","","1.7","","-10.9","","-4.6","","22.6","","0.0","","0.0","","0.6","","0.6","","14","E","32","","69",""
"-79.63","43.68","TORONTO INTL A","6158731","2023-02-03","2023","02","03","","-10.8","","-21.8","","-16.3","","34.3","","0.0","","0.0","","0.0","","0.0","","14","","","M","","M"
"-79.63","43.68","TORONTO INTL A","6158731","2023-02-04","2023","02","04","","-2.5","","-21.4","","-12.0","","30.0","","0.0","","0.0","","0.8","","0.4","","14","","22","","41",""
"-79.63","43.68","TORONTO INTL A","6158731","2023-02-05","2023","02","05","","4.2","","-1.9","","1.2","","16.8","","0.0","","0.0","T","0.0","","0.0","T","13","","23","","35",""
"-79.63","43.68","TORONTO INTL A","6158731","2023-02-06","2023","02","06","","2.3","","-3.6","","-0.7","","18.7","","0.0","","0.2","","0.0","","0.2","","7","","33","","45",""
"-79.63","43.68","TORONTO INTL A","6158731","2023-02-07","2023","02","07","","7.1","","-1.0","","3.1","","14.9","","0.0","","0.0","T","0.0","","0.0","T","6","","23","","55",""
"-79.63","43.68","TORONTO INTL A","6158731","2023-02-08","2023","02","08","","7.3","","0.2","","3.8","","14.2","","0.0","","0.0","","0.0","","0.0","","1","","26","","33",""
"-79.63","43.68","TORONTO INTL A","6158731","2023-02-09","2023","02","09","","6.3","","0.3","","3.3","","14.7","","0.0","","30.6","","0.0","","30.6","","","","24","","55",""
"-79.63","43.68","TORONTO INTL A","6158731","2023-02-10","2023","02","10","","4.9","","-3.0","","1.0","","17.0","","0.0","","0.0","","0.0","T","0.0","T","0","T","27","","59",""
"-79.63","43.68","TORONTO INTL A","6158731","2023-02-11","2023","02","11","","2.4","","-4.5","","-1.1","","19.1","","0.0","","0.0","","0.0","T","0.0","T","0","T","32","","48",""
"-79.63","43.68","TORONTO INTL A","6158731","2023-02-12","2023","02","12","","6.8","","-2.8","","2.0","","16.0","","0.0","","0.0","","0.0","","0.0","","","","","M","","M"
"-79.63","43.68","TORONTO INTL A","6158731","2023-02-13","2023","02","13","","9.1","","-2.9","","3.1","","14.9","","0.0","","0.0","","0.0","","0.0","","","","28","","53",""
"-79.63","43.68","TORONTO INTL A","6158731","2023-02-14","2023","02","14","","9.2","","-3.0","","3.1","","14.9","","0.0","","0.0","","0.0","","0.0","","","","33","","49",""
"-79.63","43.68","TORONTO INTL A","6158731","2023-02-15","2023","02","15","","15.0","","3.9","","9.5","","8.5","","0.0","","0.6","","0.0","","0.6","","","","23","","86",""
"-79.63","43.68","TORONTO INTL A","6158731","2023-02-16","2023","02","16","","5.5","","-1.1","","2.2","","15.8","","0.0","","4.6","","0.0","","4.6","","","","29","","36",""
"-79.63","43.68","TORONTO INTL A","6158731","2023-02-17","2023","02","17","","0.2","","-9.5","","-4.7","","22.7","","0.0","","5.4","","0.6","","6.0","","0","T","34","","56",""
"-79.63","43.68","TORONTO INTL A","6158731","2023-02-18","2023","02","18","","1.7","","-8.0","","-3.2","","21.2","","0.0","","0.0","","0.0","","0.0","","0","T","26","","48",""
"-79.63","43.68","TORONTO INTL A","6158731","2023-02-19","2023","02","19","","9.7","","-0.4","","4.7","","13.3","","0.0","","0.0","","0.0","","0.0","","","","24","","61",""
"-79.63","43.68","TORONTO INTL A","6158731","2023-02-20","2023","02","20","","5.3","","-3.1","","1.1","","16.9","","0.0","","0.0","","0.0","","0.0","","","","30","","41",""
"-79.63","43.68","TORONTO INTL A","6158731","2023-02-21","2023","02","21","","6.8","","-3.0","","1.9","","16.1","","0.0","","0.0","","0.0","T","0.0","T","","","29","","72",""
"-79.63","43.68","TORONTO INTL A","6158731","2023-02-22","2023","02","22","","-1.3","","-7.8","","-4.6","","22.6","","0.0","","0.0","","17.4","","17.2","","1","E","9","","47",""
"-79.63","43.68","TORONTO INTL A","6158731","2023-02-23","2023","02","23","","-0.8","","-8.1","","-4.5","","22.5","","0.0","","0.8","","0.8","","1.6","","17","","2","","37",""
"-79.63","43.68","TORONTO INTL A","6158731","2023-02-24","2023","02","24","","-2.7","","-10.2","","-6.5","","24.5","","0.0","","0.0","","0.0","T","0.0","T","15","","32","","59",""
"-79.63","43.68","TORONTO INTL A","6158731","2023-02-25","2023","02","25","","-2.4","","-9.2","","-5.8","","23.8","","0.0","","0.0","","2.5","","2.5","","14","","","M","","M"
"-79.63","43.68","TORONTO INTL A","6158731","2023-02-26","2023","02","26","","2.3","","-5.7","","-1.7","","19.7","","0.0","","0.0","","0.0","","0.0","","14","","29","","53",""
"-79.63","43.68","TORONTO INTL A","6158731","2023-02-27","2023","02","27","","-0.1","","-7.8","","-4.0","","22.0","","0.0","","2.0","","5.4","","7.4","","10","","6","","56",""
"-79.63","43.68","TORONTO INTL A","6158731","2023-02-28","2023","02","28","","1.7","","-1.2","","0.3","","17.7","","0.0","","0.8","","0.8","","1.6","","13","","29","","58",""
"-79.63","43.68","TORONTO INTL A","6158731","2023-03-01","2023","03","01","","2.9","","-2.0","","0.5","","17.5","","0.0","","0.0","","0.0","","0.0","","10","","8","","40",""
"-79.63","43.68","TORONTO INTL A","6158731","2023-03-02","2023","03","02","","3.8","","-2.5","","0.7","","17.3","","0.0","","0.0","","0.0","","0.0","","","","33","","36",""
"-79.63","43.68","TORONTO INTL A","6158731","2023-03-03","2023","03","03","","0.4","","-5.4","","-2.5","","20.5","","0.0","","0.0","","18.6","","18.6","","6","","6","","63",""
"-79.63","43.68","TORONTO INTL A","6158731","2023-03-04","2023","03","04","","5.8","","-1.5","","2.2","","15.8","","0.0","","0.0","","6.0","","6.0","","28","","6","","58",""
"-79.63","43.68","TORONTO INTL A","6158731","2023-03-05","2023","03","05","","5.0","","-2.4","","1.3","","16.7","","0.0","","0.2","","0.4","","0.6","","15","","31","","41",""
"-79.63","43.68","TORONTO INTL A","6158731","2023-03-06","2023","03","06","","3.2","","-4.3","","-0.6","","18.6","","0.0","","0.0","","0.0","","0.0","","15","","1","","31",""
"-79.63","43.68","TORONTO INTL A","6158731","2023-03-07","2023","03","07","","1.8","","-2.8","","-0.5","","18.5","","0.0","","0.0","","0.0","","0.0","","11","","1","","67",""
"-79.63","43.68","TORONTO INTL A","6158731","2023-03-08","2023","03","08","","0.9","","-3.2","","-1.2","","19.2","","0.0","","0.0","","0.0","","0.0","","9","","35","","53",""
"-79.63","43.68","TORONTO INTL A","6158731","2023-03-09","2023","03","09","","2.8","","-3.8","","-0.5","","18.5","","0.0","","0.0","","0.0","","0.0","","7","","36","","37",""
"-79.63","43.68","TORONTO INTL A","6158731","2023-03-10","2023","03","10","","0.0","","-2.5","","-1.3","","19.3","","0.0","","0.0","","9.6","","7.2","","5","","1","","47",""
"-79.63","43.68","TORONTO INTL A","6158731","2023-03-11","2023","03","11","","-0.6","","-5.5","","-3.1","","21.1","","0.0","","0.0","","0.4","","0.4","","14","","36","","34",""
"-79.63","43.68","TORONTO INTL A","6158731","2023-03-12","2023","03","12","","-0.2","","-5.5","","-2.9","","20.9","","0.0","","0.0","","4.4","","3.0","","10","","","M","","M"
"-79.63","43.68","TORONTO INTL A","6158731","2023-03-13","2023","03","13","","0.8","","-3.5","","-1.4","","19.4","","0.0","","0.0","","2.2","","2.2","","15","","32","","38",""
"-79.63","43.68","TORONTO INTL A","6158731","2023-03-14","2023","03","14","","","","","","","","","","","","","","","","","","","","","","",""
"-79.63","43.68","TORONTO INTL A","6158731","2023-03-15","2023","03","15","","","","","","","","","","","","","","","","","","","","","","",""
"-79.63","43.68","TORONTO INTL A","6158731","2023-03-16","2023","03","16","","","","","","","","","","","","","","","","","","","","","","",""
"-79.63","43.68","TORONTO INTL A","6158731","2023-03-17","2023","03","17","","","","","","","","","","","","","","","","","","","","","","",""
"-79.63","43.68","TORONTO INTL A","6158731","2023-03-18","2023","03","18","","","","","","","","","","","","","","","","","","","","","","",""
"-79.63","43.68","TORONTO INTL A","6158731","2023-03-19","2023","03","19","","","","","","","","","","","","","","","","","","","","","","",""
"-79.63","43.68","TORONTO INTL A","6158731","2023-03-20","2023","03","20","","","","","","","","","","","","","","","","","","","","","","",""
"-79.63","43.68","TORONTO INTL A","6158731","2023-03-21","2023","03","21","","","","","","","","","","","","","","","","","","","","","","",""
"-79.63","43.68","TORONTO INTL A","6158731","2023-03-22","2023","03","22","","","","","","","","","","","","","","","","","","","","","","",""
"-79.63","43.68","TORONTO INTL A","6158731","2023-03-23","2023","03","23","","","","","","","","","","","","","","","","","","","","","","",""
"-79.63","43.68","TORONTO INTL A","6158731","2023-03-24","2023","03","24","","","","","","","","","","","","","","","","","","","","","","",""
"-79.63","43.68","TORONTO INTL A","6158731","2023-03-25","2023","03","25","","","","","","","","","","","","","","","","","","","","","","",""
"-79.63","43.68","TORONTO INTL A","6158731","2023-03-26","2023","03","26","","","","","","","","","","","","","","","","","","","","","","",""
"-79.63","43.68","TORONTO INTL A","6158731","2023-03-27","2023","03","27","","","","","","","","","","","","","","","","","","","","","","",""
"-79.63","43.68","TORONTO INTL A","6158731","2023-03-28","2023","03","28","","","","","","","","","","","","","","","","","","","","","","",""
"-79.63","43.68","TORONTO INTL A","6158731","2023-03-29","2023","03","29","","","","","","","","","","","","","","","","","","","","","","",""
"-79.63","43.68","TORONTO INTL A","6158731","2023-03-30","2023","03","30","","","","","","","","","","","","","","","","","","","","","","",""
"-79.63","43.68","TORONTO INTL A","6158731","2023-03-31","2023","03","31","","","","","","","","","","","","","","","","","","","","","","",""
"-79.63","43.68","TORONTO INTL A","6158731","2023-04-01","2023","04","01","","","","","","","","","","","","","","","","","","","","","","",""
"-79.63","43.68","TORONTO INTL A","6158731","2023-04-02","2023","04","02","","","","","","","","","","","","","","","","","","","","","","",""
"-79.63","43.68","TORONTO INTL A","6158731","2023-04-03","2023","04","03","","","","","","","","","","","","","","","","","","","","","","",""
"-79.63","43.68","TORONTO INTL A","6158731","2023-04-04","2023","04","04","","","","","","","","","","","","","","","","","","","","","","",""
"-79.63","43.68","TORONTO INTL A","6158731","2023-04-05","2023","04","05","","","","","","","","","","","","","","","","","","","","","","",""
"-79.63","43.68","TORONTO INTL A","6158731","2023-04-06","2023","04","06","","","","","","","","","","","","","","","","","","","","","","",""
"-79.63","43.68","TORONTO INTL A","6158731","2023-04-07","2023","04","07","","","","","","","","","","","","","","","","","","","","","","",""
"-79.63","43.68","TORONTO INTL A","6158731","2023-04-08","2023","04","08","","","","","","","","","","","","","","","","","","","","","","",""
"-79.63","43.68","TORONTO INTL A","6158731","2023-04-09","2023","04","09","","","","","","","","","","","","","","","","","","","","","","",""
"-79.63","43.68","TORONTO INTL A","6158731","2023-04-10","2023","04","10","","","","","","","","","","","","","","","","","","","","","","",""
"-79.63","43.68","TORONTO INTL A","6158731","2023-04-11","2023","04","11","","","","","","","","","","","","","","","","","","","","","","",""
"-79.63","43.68","TORONTO INTL A","6158731","2023-04-12","2023","04","12","","","","","","","","","","","","","","","","","","","","","","",""
"-79.63","43.68","TORONTO INTL A","6158731","2023-04-13","2023","04","13","","","","","","","","","","","","","","","","","","","","","","",""
"-79.63","43.68","TORONTO INTL A","6158731","2023-04-14","2023","04","14","","","","","","","","","","","","","","","","","","","","","","",""
"-79.63","43.68","TORONTO INTL A","6158731","2023-04-15","2023","04","15","","","","","","","","","","","","","","","","","","","","","","",""
"-79.63","43.68","TORONTO INTL A","6158731","2023-04-16","2023","04","16","","","","","","","","","","","","","","","","","","","","","","",""
"-79.63","43.68","TORONTO INTL A","6158731","2023-04-17","2023","04","17","","","","","","","","","","","","","","","","","","","","","","",""
"-79.63","43.68","TORONTO INTL A","6158731","2023-04-18","2023","04","18","","","","","","","","","","","","","","","","","","","","","","",""
"-79.63","43.68","TORONTO INTL A","6158731","2023-04-19","2023","04","19","","","","","","","","","","","","","","","","","","","","","","",""
"-79.63","43.68","TORONTO INTL A","6158731","2023-04-20","2023","04","20","","","","","","","","","","","","","","","","","","","","","","",""
"-79.63","43.68","TORONTO INTL A","6158731","2023-04-21","2023","04","21","","","","","","","","","","","","","","","","","","","","","","",""
"-79.63","43.68","TORONTO INTL A","6158731","2023-04-22","2023","04","22","","","","","","","","","","","","","","","","","","","","","","",""
"-79.63","43.68","TORONTO INTL A","6158731","2023-04-23","2023","04","23","","","","","","","","","","","","","","","","","","","","","","",""
"-79.63","43.68","TORONTO INTL A","6158731","2023-04-24","2023","04","24","","","","","","","","","","","","","","","","","","","","","","",""
"-79.63","43.68","TORONTO INTL A","6158731","2023-04-25","2023","04","25","","","","","","","","","","","","","","","","","","","","","","",""
"-79.63","43.68","TORONTO INTL A","6158731","2023-04-26","2023","04","26","","","","","","","","","","","","","","","","","","","","","","",""
"-79.63","43.68","TORONTO INTL A","6158731","2023-04-27","2023","04","27","","","","","","","","","","","","","","","","","","","","","","",""
"-79.63","43.68","TORONTO INTL A","6158731","2023-04-28","2023","04","28","","","","","","","","","","","","","","","","","","","","","","",""
"-79.63","43.68","TORONTO INTL A","6158731","2023-04-29","2023","04","29","","","","","","","","","","","","","","","","","","","","","","",""
"-79.63","43.68","TORONTO INTL A","6158731","2023-04-30","2023","04","30","","","","","","","","","","","","","","","","","","","","","","",""
"-79.63","43.68","TORONTO INTL A","6158731","2023-05-01","2023","05","01","","","","","","","","","","","","","","","","","","","","","","",""
"-79.63","43.68","TORONTO INTL A","6158731","2023-05-02","2023","05","02","","","","","","","","","","","","","","","","","","","","","","",""
"-79.63","43.68","TORONTO INTL A","6158731","2023-05-03","2023","05","03","","","","","","","","","","","","","","","","","","","","","","",""
"-79.63","43.68","TORONTO INTL A","6158731","2023-05-04","2023","05","04","","","","","","","","","","","","","","","","","","","","","","",""
"-79.63","43.68","TORONTO INTL A","6158731","2023-05-05","2023","05","05","","","","","","","","","","","","","","","","","","","","","","",""
"-79.63","43.68","TORONTO INTL A","6158731","2023-05-06","2023","05","06","","","","","","","","","","","","","","","","","","","","","","",""
"-79.63","43.68","TORONTO INTL A","6158731","2023-05-07","2023","05","07","","","","","","","","","","","","","","","","","","","","","","",""
"-79.63","43.68","TORONTO INTL A","6158731","2023-05-08","2023","05","08","","","","","","","","","","","","","","","","","","","","","","",""
"-79.63","43.68","TORONTO INTL A","6158731","2023-05-09","2023","05","09","","","","","","","","","","","","","","","","","","","","","","",""
"-79.63","43.68","TORONTO INTL A","6158731","2023-05-10","2023","05","10","","","","","","","","","","","","","","","","","","","","","","",""
"-79.63","43.68","TORONTO INTL A","6158731","2023-05-11","2023","05","11","","","","","","","","","","","","","","","","","","","","","","",""
"-79.63","43.68","TORONTO INTL A","6158731","2023-05-12","2023","05","12","","","","","","","","","","","","","","","","","","","","","","",""
"-79.63","43.68","TORONTO INTL A","6158731","2023-05-13","2023","05","13","","","","","","","","","","","","","","","","","","","","","","",""
"-79.63","43.68","TORONTO INTL A","6158731","2023-05-14","2023","05","14","","","","","","","","","","","","","","","","","","","","","","",""
"-79.63","43.68","TORONTO INTL A","6158731","2023-05-15","2023","05","15","","","","","","","","","","","","","","","","","","","","","","",""
"-79.63","43.68","TORONTO INTL A","6158731","2023-05-16","2023","05","16","","","","","","","","","","","","","","","","","","","","","","",""
"-79.63","43.68","TORONTO INTL A","6158731","2023-05-17","2023","05","17","","","","","","","","","","","","","","","","","","","","","","",""
"-79.63","43.68","TORONTO INTL A","6158731","2023-05-18","2023","05","18","","","","","","","","","","","","","","","","","","","","","","",""
"-79.63","43.68","TORONTO INTL A","6158731","2023-05-19","2023","05","19","","","","","","","","","","","","","","","","","","","","","","",""
"-79.63","43.68","TORONTO INTL A","6158731","2023-05-20","2023","05","20","","","","","","","","","","","","","","","","","","","","","","",""
"-79.63","43.68","TORONTO INTL A","6158731","2023-05-21","2023","05","21","","","","","","","","","","","","","","","","","","","","","","",""
"-79.63","43.68","TORONTO INTL A","6158731","2023-05-22","2023","05","22","","","","","","","","","","","","","","","","","","","","","","",""
"-79.63","43.68","TORONTO INTL A","6158731","2023-05-23","2023","05","23","","","","","","","","","","","","","","","","","","","","","","",""
"-79.63","43.68","TORONTO INTL A","6158731","2023-05-24","2023","05","24","","","","","","","","","","","","","","","","","","","","","","",""
"-79.63","43.68","TORONTO INTL A","6158731","2023-05-25","2023","05","25","","","","","","","","","","","","","","","","","","","","","","",""
"-79.63","43.68","TORONTO INTL A","6158731","2023-05-26","2023","05","26","","","","","","","","","","","","","","","","","","","","","","",""
"-79.63","43.68","TORONTO INTL A","6158731","2023-05-27","2023","05","27","","","","","","","","","","","","","","","","","","","","","","",""
"-79.63","43.68","TORONTO INTL A","6158731","2023-05-28","2023","05","28","","","","","","","","","","","","","","","","","","","","","","",""
"-79.63","43.68","TORONTO INTL A","6158731","2023-05-29","2023","05","29","","","","","","","","","","","","","","","","","","","","","","",""
"-79.63","43.68","TORONTO INTL A","6158731","2023-05-30","2023","05","30","","","","","","","","","","","","","","","","","","","","","","",""
"-79.63","43.68","TORONTO INTL A","6158731","2023-05-31","2023","05","31","","","","","","","","","","","","","","","","","","","","","","",""
"-79.63","43.68","TORONTO INTL A","6158731","2023-06-01","2023","06","01","","","","","","","","","","","","","","","","","","","","","","",""
"-79.63","43.68","TORONTO INTL A","6158731","2023-06-02","2023","06","02","","","","","","","","","","","","","","","","","","","","","","",""
"-79.63","43.68","TORONTO INTL A","6158731","2023-06-03","2023","06","03","","","","","","","","","","","","","","","","","","","","","","",""
"-79.63","43.68","TORONTO INTL A","6158731","2023-06-04","2023","06","04","","","","","","","","","","","","","","","","","","","","","","",""
"-79.63","43.68","TORONTO INTL A","6158731","2023-06-05","2023","06","05","","","","","","","","","","","","","","","","","","","","","","",""
"-79.63","43.68","TORONTO INTL A","6158731","2023-06-06","2023","06","06","","","","","","","","","","","","","","","","","","","","","","",""
"-79.63","43.68","TORONTO INTL A","6158731","2023-06-07","2023","06","07","","","","","","","","","","","","","","","","","","","","","","",""
"-79.63","43.68","TORONTO INTL A","6158731","2023-06-08","2023","06","08","","","","","","","","","","","","","","","","","","","","","","",""
"-79.63","43.68","TORONTO INTL A","6158731","2023-06-09","2023","06","09","","","","","","","","","","","","","","","","","","","","","","",""
"-79.63","43.68","TORONTO INTL A","6158731","2023-06-10","2023","06","10","","","","","","","","","","","","","","","","","","","","","","",""
"-79.63","43.68","TORONTO INTL A","6158731","2023-06-11","2023","06","11","","","","","","","","","","","","","","","","","","","","","","",""
"-79.63","43.68","TORONTO INTL A","6158731","2023-06-12","2023","06","12","","","","","","","","","","","","","","","","","","","","","","",""
"-79.63","43.68","TORONTO INTL A","6158731","2023-06-13","2023","06","13","","","","","","","","","","","","","","","","","","","","","","",""
"-79.63","43.68","TORONTO INTL A","6158731","2023-06-14","2023","06","14","","","","","","","","","","","","","","","","","","","","","","",""
"-79.63","43.68","TORONTO INTL A","6158731","2023-06-15","2023","06","15","","","","","","","","","","","","","","","","","","","","","","",""
"-79.63","43.68","TORONTO INTL A","6158731","2023-06-16","2023","06","16","","","","","","","","","","","","","","","","","","","","","","",""
"-79.63","43.68","TORONTO INTL A","6158731","2023-06-17","2023","06","17","","","","","","","","","","","","","","","","","","","","","","",""
"-79.63","43.68","TORONTO INTL A","6158731","2023-06-18","2023","06","18","","","","","","","","","","","","","","","","","","","","","","",""
"-79.63","43.68","TORONTO INTL A","6158731","2023-06-19","2023","06","19","","","","","","","","","","","","","","","","","","","","","","",""
"-79.63","43.68","TORONTO INTL A","6158731","2023-06-20","2023","06","20","","","","","","","","","","","","","","","","","","","","","","",""
"-79.63","43.68","TORONTO INTL A","6158731","2023-06-21","2023","06","21","","","","","","","","","","","","","","","","","","","","","","",""
"-79.63","43.68","TORONTO INTL A","6158731","2023-06-22","2023","06","22","","","","","","","","","","","","","","","","","","","","","","",""
"-79.63","43.68","TORONTO INTL A","6158731","2023-06-23","2023","06","23","","","","","","","","","","","","","","","","","","","","","","",""
"-79.63","43.68","TORONTO INTL A","6158731","2023-06-24","2023","06","24","","","","","","","","","","","","","","","","","","","","","","",""
"-79.63","43.68","TORONTO INTL A","6158731","2023-06-25","2023","06","25","","","","","","","","","","","","","","","","","","","","","","",""
"-79.63","43.68","TORONTO INTL A","6158731","2023-06-26","2023","06","26","","","","","","","","","","","","","","","","","","","","","","",""
"-79.63","43.68","TORONTO INTL A","6158731","2023-06-27","2023","06","27","","","","","","","","","","","","","","","","","","","","","","",""
"-79.63","43.68","TORONTO INTL A","6158731","2023-06-28","2023","06","28","","","","","","","","","","","","","","","","","","","","","","",""
"-79.63","43.68","TORONTO INTL A","6158731","2023-06-29","2023","06","29","","","","","","","","","","","","","","","","","","","","","","",""
"-79.63","43.68","TORONTO INTL A","6158731","2023-06-30","2023","06","30","","","","","","","","","","","","","","","","","","","","","","",""
"-79.63","43.68","TORONTO INTL A","6158731","2023-07-01","2023","07","01","","","","","","","","","","","","","","","","","","","","","","",""
"-79.63","43.68","TORONTO INTL A","6158731","2023-07-02","2023","07","02","","","","","","","","","","","","","","","","","","","","","","",""
"-79.63","43.68","TORONTO INTL A","6158731","2023-07-03","2023","07","03","","","","","","","","","","","","","","","","","","","","","","",""
"-79.63","43.68","TORONTO INTL A","6158731","2023-07-04","2023","07","04","","","","","","","","","","","","","","","","","","","","","","",""
"-79.63","43.68","TORONTO INTL A","6158731","2023-07-05","2023","07","05","","","","","","","","","","","","","","","","","","","","","","",""
"-79.63","43.68","TORONTO INTL A","6158731","2023-07-06","2023","07","06","","","","","","","","","","","","","","","","","","","","","","",""
"-79.63","43.68","TORONTO INTL A","6158731","2023-07-07","2023","07","07","","","","","","","","","","","","","","","","","","","","","","",""
"-79.63","43.68","TORONTO INTL A","6158731","2023-07-08","2023","07","08","","","","","","","","","","","","","","","","","","","","","","",""
"-79.63","43.68","TORONTO INTL A","6158731","2023-07-09","2023","07","09","","","","","","","","","","","","","","","","","","","","","","",""
"-79.63","43.68","TORONTO INTL A","6158731","2023-07-10","2023","07","10","","","","","","","","","","","","","","","","","","","","","","",""
"-79.63","43.68","TORONTO INTL A","6158731","2023-07-11","2023","07","11","","","","","","","","","","","","","","","","","","","","","","",""
"-79.63","43.68","TORONTO INTL A","6158731","2023-07-12","2023","07","12","","","","","","","","","","","","","","","","","","","","","","",""
"-79.63","43.68","TORONTO INTL A","6158731","2023-07-13","2023","07","13","","","","","","","","","","","","","","","","","","","","","","",""
"-79.63","43.68","TORONTO INTL A","6158731","2023-07-14","2023","07","14","","","","","","","","","","","","","","","","","","","","","","",""
"-79.63","43.68","TORONTO INTL A","6158731","2023-07-15","2023","07","15","","","","","","","","","","","","","","","","","","","","","","",""
"-79.63","43.68","TORONTO INTL A","6158731","2023-07-16","2023","07","16","","","","","","","","","","","","","","","","","","","","","","",""
"-79.63","43.68","TORONTO INTL A","6158731","2023-07-17","2023","07","17","","","","","","","","","","","","","","","","","","","","","","",""
"-79.63","43.68","TORONTO INTL A","6158731","2023-07-18","2023","07","18","","","","","","","","","","","","","","","","","","","","","","",""
"-79.63","43.68","TORONTO INTL A","6158731","2023-07-19","2023","07","19","","","","","","","","","","","","","","","","","","","","","","",""
"-79.63","43.68","TORONTO INTL A","6158731","2023-07-20","2023","07","20","","","","","","","","","","","","","","","","","","","","","","",""
"-79.63","43.68","TORONTO INTL A","6158731","2023-07-21","2023","07","21","","","","","","","","","","","","","","","","","","","","","","",""
"-79.63","43.68","TORONTO INTL A","6158731","2023-07-22","2023","07","22","","","","","","","","","","","","","","","","","","","","","","",""
"-79.63","43.68","TORONTO INTL A","6158731","2023-07-23","2023","07","23","","","","","","","","","","","","","","","","","","","","","","",""
"-79.63","43.68","TORONTO INTL A","6158731","2023-07-24","2023","07","24","","","","","","","","","","","","","","","","","","","","","","",""
"-79.63","43.68","TORONTO INTL A","6158731","2023-07-25","2023","07","25","","","","","","","","","","","","","","","","","","","","","","",""
"-79.63","43.68","TORONTO INTL A","6158731","2023-07-26","2023","07","26","","","","","","","","","","","","","","","","","","","","","","",""
"-79.63","43.68","TORONTO INTL A","6158731","2023-07-27","2023","07","27","","","","","","","","","","","","","","","","","","","","","","",""
"-79.63","43.68","TORONTO INTL A","6158731","2023-07-28","2023","07","28","","","","","","","","","","","","","","","","","","","","","","",""
"-79.63","43.68","TORONTO INTL A","6158731","2023-07-29","2023","07","29","","","","","","","","","","","","","","","","","","","","","","",""
"-79.63","43.68","TORONTO INTL A","6158731","2023-07-30","2023","07","30","","","","","","","","","","","","","","","","","","","","","","",""
"-79.63","43.68","TORONTO INTL A","6158731","2023-07-31","2023","07","31","","","","","","","","","","","","","","","","","","","","","","",""
"-79.63","43.68","TORONTO INTL A","6158731","2023-08-01","2023","08","01","","","","","","","","","","","","","","","","","","","","","","",""
"-79.63","43.68","TORONTO INTL A","6158731","2023-08-02","2023","08","02","","","","","","","","","","","","","","","","","","","","","","",""
"-79.63","43.68","TORONTO INTL A","6158731","2023-08-03","2023","08","03","","","","","","","","","","","","","","","","","","","","","","",""
"-79.63","43.68","TORONTO INTL A","6158731","2023-08-04","2023","08","04","","","","","","","","","","","","","","","","","","","","","","",""
"-79.63","43.68","TORONTO INTL A","6158731","2023-08-05","2023","08","05","","","","","","","","","","","","","","","","","","","","","","",""
"-79.63","43.68","TORONTO INTL A","6158731","2023-08-06","2023","08","06","","","","","","","","","","","","","","","","","","","","","","",""
"-79.63","43.68","TORONTO INTL A","6158731","2023-08-07","2023","08","07","","","","","","","","","","","","","","","","","","","","","","",""
"-79.63","43.68","TORONTO INTL A","6158731","2023-08-08","2023","08","08","","","","","","","","","","","","","","","","","","","","","","",""
"-79.63","43.68","TORONTO INTL A","6158731","2023-08-09","2023","08","09","","","","","","","","","","","","","","","","","","","","","","",""
"-79.63","43.68","TORONTO INTL A","6158731","2023-08-10","2023","08","10","","","","","","","","","","","","","","","","","","","","","","",""
"-79.63","43.68","TORONTO INTL A","6158731","2023-08-11","2023","08","11","","","","","","","","","","","","","","","","","","","","","","",""
"-79.63","43.68","TORONTO INTL A","6158731","2023-08-12","2023","08","12","","","","","","","","","","","","","","","","","","","","","","",""
"-79.63","43.68","TORONTO INTL A","6158731","2023-08-13","2023","08","13","","","","","","","","","","","","","","","","","","","","","","",""
"-79.63","43.68","TORONTO INTL A","6158731","2023-08-14","2023","08","14","","","","","","","","","","","","","","","","","","","","","","",""
"-79.63","43.68","TORONTO INTL A","6158731","2023-08-15","2023","08","15","","","","","","","","","","","","","","","","","","","","","","",""
"-79.63","43.68","TORONTO INTL A","6158731","2023-08-16","2023","08","16","","","","","","","","","","","","","","","","","","","","","","",""
"-79.63","43.68","TORONTO INTL A","6158731","2023-08-17","2023","08","17","","","","","","","","","","","","","","","","","","","","","","",""
"-79.63","43.68","TORONTO INTL A","6158731","2023-08-18","2023","08","18","","","","","","","","","","","","","","","","","","","","","","",""
"-79.63","43.68","TORONTO INTL A","6158731","2023-08-19","2023","08","19","","","","","","","","","","","","","","","","","","","","","","",""
"-79.63","43.68","TORONTO INTL A","6158731","2023-08-20","2023","08","20","","","","","","","","","","","","","","","","","","","","","","",""
"-79.63","43.68","TORONTO INTL A","6158731","2023-08-21","2023","08","21","","","","","","","","","","","","","","","","","","","","","","",""
"-79.63","43.68","TORONTO INTL A","6158731","2023-08-22","2023","08","22","","","","","","","","","","","","","","","","","","","","","","",""
"-79.63","43.68","TORONTO INTL A","6158731","2023-08-23","2023","08","23","","","","","","","","","","","","","","","","","","","","","","",""
"-79.63","43.68","TORONTO INTL A","6158731","2023-08-24","2023","08","24","","","","","","","","","","","","","","","","","","","","","","",""
"-79.63","43.68","TORONTO INTL A","6158731","2023-08-25","2023","08","25","","","","","","","","","","","","","","","","","","","","","","",""
"-79.63","43.68","TORONTO INTL A","6158731","2023-08-26","2023","08","26","","","","","","","","","","","","","","","","","","","","","","",""
"-79.63","43.68","TORONTO INTL A","6158731","2023-08-27","2023","08","27","","","","","","","","","","","","","","","","","","","","","","",""
"-79.63","43.68","TORONTO INTL A","6158731","2023-08-28","2023","08","28","","","","","","","","","","","","","","","","","","","","","","",""
"-79.63","43.68","TORONTO INTL A","6158731","2023-08-29","2023","08","29","","","","","","","","","","","","","","","","","","","","","","",""
"-79.63","43.68","TORONTO INTL A","6158731","2023-08-30","2023","08","30","","","","","","","","","","","","","","","","","","","","","","",""
"-79.63","43.68","TORONTO INTL A","6158731","2023-08-31","2023","08","31","","","","","","","","","","","","","","","","","","","","","","",""
"-79.63","43.68","TORONTO INTL A","6158731","2023-09-01","2023","09","01","","","","","","","","","","","","","","","","","","","","","","",""
"-79.63","43.68","TORONTO INTL A","6158731","2023-09-02","2023","09","02","","","","","","","","","","","","","","","","","","","","","","",""
"-79.63","43.68","TORONTO INTL A","6158731","2023-09-03","2023","09","03","","","","","","","","","","","","","","","","","","","","","","",""
"-79.63","43.68","TORONTO INTL A","6158731","2023-09-04","2023","09","04","","","","","","","","","","","","","","","","","","","","","","",""
"-79.63","43.68","TORONTO INTL A","6158731","2023-09-05","2023","09","05","","","","","","","","","","","","","","","","","","","","","","",""
"-79.63","43.68","TORONTO INTL A","6158731","2023-09-06","2023","09","06","","","","","","","","","","","","","","","","","","","","","","",""
"-79.63","43.68","TORONTO INTL A","6158731","2023-09-07","2023","09","07","","","","","","","","","","","","","","","","","","","","","","",""
"-79.63","43.68","TORONTO INTL A","6158731","2023-09-08","2023","09","08","","","","","","","","","","","","","","","","","","","","","","",""
"-79.63","43.68","TORONTO INTL A","6158731","2023-09-09","2023","09","09","","","","","","","","","","","","","","","","","","","","","","",""
"-79.63","43.68","TORONTO INTL A","6158731","2023-09-10","2023","09","10","","","","","","","","","","","","","","","","","","","","","","",""
"-79.63","43.68","TORONTO INTL A","6158731","2023-09-11","2023","09","11","","","","","","","","","","","","","","","","","","","","","","",""
"-79.63","43.68","TORONTO INTL A","6158731","2023-09-12","2023","09","12","","","","","","","","","","","","","","","","","","","","","","",""
"-79.63","43.68","TORONTO INTL A","6158731","2023-09-13","2023","09","13","","","","","","","","","","","","","","","","","","","","","","",""
"-79.63","43.68","TORONTO INTL A","6158731","2023-09-14","2023","09","14","","","","","","","","","","","","","","","","","","","","","","",""
"-79.63","43.68","TORONTO INTL A","6158731","2023-09-15","2023","09","15","","","","","","","","","","","","","","","","","","","","","","",""
"-79.63","43.68","TORONTO INTL A","6158731","2023-09-16","2023","09","16","","","","","","","","","","","","","","","","","","","","","","",""
"-79.63","43.68","TORONTO INTL A","6158731","2023-09-17","2023","09","17","","","","","","","","","","","","","","","","","","","","","","",""
"-79.63","43.68","TORONTO INTL A","6158731","2023-09-18","2023","09","18","","","","","","","","","","","","","","","","","","","","","","",""
"-79.63","43.68","TORONTO INTL A","6158731","2023-09-19","2023","09","19","","","","","","","","","","","","","","","","","","","","","","",""
"-79.63","43.68","TORONTO INTL A","6158731","2023-09-20","2023","09","20","","","","","","","","","","","","","","","","","","","","","","",""
"-79.63","43.68","TORONTO INTL A","6158731","2023-09-21","2023","09","21","","","","","","","","","","","","","","","","","","","","","","",""
"-79.63","43.68","TORONTO INTL A","6158731","2023-09-22","2023","09","22","","","","","","","","","","","","","","","","","","","","","","",""
"-79.63","43.68","TORONTO INTL A","6158731","2023-09-23","2023","09","23","","","","","","","","","","","","","","","","","","","","","","",""
"-79.63","43.68","TORONTO INTL A","6158731","2023-09-24","2023","09","24","","","","","","","","","","","","","","","","","","","","","","",""
"-79.63","43.68","TORONTO INTL A","6158731","2023-09-25","2023","09","25","","","","","","","","","","","","","","","","","","","","","","",""
"-79.63","43.68","TORONTO INTL A","6158731","2023-09-26","2023","09","26","","","","","","","","","","","","","","","","","","","","","","",""
"-79.63","43.68","TORONTO INTL A","6158731","2023-09-27","2023","09","27","","","","","","","","","","","","","","","","","","","","","","",""
"-79.63","43.68","TORONTO INTL A","6158731","2023-09-28","2023","09","28","","","","","","","","","","","","","","","","","","","","","","",""
"-79.63","43.68","TORONTO INTL A","6158731","2023-09-29","2023","09","29","","","","","","","","","","","","","","","","","","","","","","",""
"-79.63","43.68","TORONTO INTL A","6158731","2023-09-30","2023","09","30","","","","","","","","","","","","","","","","","","","","","","",""
"-79.63","43.68","TORONTO INTL A","6158731","2023-10-01","2023","10","01","","","","","","","","","","","","","","","","","","","","","","",""
"-79.63","43.68","TORONTO INTL A","6158731","2023-10-02","2023","10","02","","","","","","","","","","","","","","","","","","","","","","",""
"-79.63","43.68","TORONTO INTL A","6158731","2023-10-03","2023","10","03","","","","","","","","","","","","","","","","","","","","","","",""
"-79.63","43.68","TORONTO INTL A","6158731","2023-10-04","2023","10","04","","","","","","","","","","","","","","","","","","","","","","",""
"-79.63","43.68","TORONTO INTL A","6158731","2023-10-05","2023","10","05","","","","","","","","","","","","","","","","","","","","","","",""
"-79.63","43.68","TORONTO INTL A","6158731","2023-10-06","2023","10","06","","","","","","","","","","","","","","","","","","","","","","",""
"-79.63","43.68","TORONTO INTL A","6158731","2023-10-07","2023","10","07","","","","","","","","","","","","","","","","","","","","","","",""
"-79.63","43.68","TORONTO INTL A","6158731","2023-10-08","2023","10","08","","","","","","","","","","","","","","","","","","","","","","",""
"-79.63","43.68","TORONTO INTL A","6158731","2023-10-09","2023","10","09","","","","","","","","","","","","","","","","","","","","","","",""
"-79.63","43.68","TORONTO INTL A","6158731","2023-10-10","2023","10","10","","","","","","","","","","","","","","","","","","","","","","",""
"-79.63","43.68","TORONTO INTL A","6158731","2023-10-11","2023","10","11","","","","","","","","","","","","","","","","","","","","","","",""
"-79.63","43.68","TORONTO INTL A","6158731","2023-10-12","2023","10","12","","","","","","","","","","","","","","","","","","","","","","",""
"-79.63","43.68","TORONTO INTL A","6158731","2023-10-13","2023","10","13","","","","","","","","","","","","","","","","","","","","","","",""
"-79.63","43.68","TORONTO INTL A","6158731","2023-10-14","2023","10","14","","","","","","","","","","","","","","","","","","","","","","",""
"-79.63","43.68","TORONTO INTL A","6158731","2023-10-15","2023","10","15","","","","","","","","","","","","","","","","","","","","","","",""
"-79.63","43.68","TORONTO INTL A","6158731","2023-10-16","2023","10","16","","","","","","","","","","","","","","","","","","","","","","",""
"-79.63","43.68","TORONTO INTL A","6158731","2023-10-17","2023","10","17","","","","","","","","","","","","","","","","","","","","","","",""
"-79.63","43.68","TORONTO INTL A","6158731","2023-10-18","2023","10","18","","","","","","","","","","","","","","","","","","","","","","",""
"-79.63","43.68","TORONTO INTL A","6158731","2023-10-19","2023","10","19","","","","","","","","","","","","","","","","","","","","","","",""
"-79.63","43.68","TORONTO INTL A","6158731","2023-10-20","2023","10","20","","","","","","","","","","","","","","","","","","","","","","",""
"-79.63","43.68","TORONTO INTL A","6158731","2023-10-21","2023","10","21","","","","","","","","","","","","","","","","","","","","","","",""
"-79.63","43.68","TORONTO INTL A","6158731","2023-10-22","2023","10","22","","","","","","","","","","","","","","","","","","","","","","",""
"-79.63","43.68","TORONTO INTL A","6158731","2023-10-23","2023","10","23","","","","","","","","","","","","","","","","","","","","","","",""
"-79.63","43.68","TORONTO INTL A","6158731","2023-10-24","2023","10","24","","","","","","","","","","","","","","","","","","","","","","",""
"-79.63","43.68","TORONTO INTL A","6158731","2023-10-25","2023","10","25","","","","","","","","","","","","","","","","","","","","","","",""
"-79.63","43.68","TORONTO INTL A","6158731","2023-10-26","2023","10","26","","","","","","","","","","","","","","","","","","","","","","",""
"-79.63","43.68","TORONTO INTL A","6158731","2023-10-27","2023","10","27","","","","","","","","","","","","","","","","","","","","","","",""
"-79.63","43.68","TORONTO INTL A","6158731","2023-10-28","2023","10","28","","","","","","","","","","","","","","","","","","","","","","",""
"-79.63","43.68","TORONTO INTL A","6158731","2023-10-29","2023","10","29","","","","","","","","","","","","","","","","","","","","","","",""
"-79.63","43.68","TORONTO INTL A","6158731","2023-10-30","2023","10","30","","","","","","","","","","","","","","","","","","","","","","",""
"-79.63","43.68","TORONTO INTL A","6158731","2023-10-31","2023","10","31","","","","","","","","","","","","","","","","","","","","","","",""
"-79.63","43.68","TORONTO INTL A","6158731","2023-11-01","2023","11","01","","","","","","","","","","","","","","","","","","","","","","",""
"-79.63","43.68","TORONTO INTL A","6158731","2023-11-02","2023","11","02","","","","","","","","","","","","","","","","","","","","","","",""
"-79.63","43.68","TORONTO INTL A","6158731","2023-11-03","2023","11","03","","","","","","","","","","","","","","","","","","","","","","",""
"-79.63","43.68","TORONTO INTL A","6158731","2023-11-04","2023","11","04","","","","","","","","","","","","","","","","","","","","","","",""
"-79.63","43.68","TORONTO INTL A","6158731","2023-11-05","2023","11","05","","","","","","","","","","","","","","","","","","","","","","",""
"-79.63","43.68","TORONTO INTL A","6158731","2023-11-06","2023","11","06","","","","","","","","","","","","","","","","","","","","","","",""
"-79.63","43.68","TORONTO INTL A","6158731","2023-11-07","2023","11","07","","","","","","","","","","","","","","","","","","","","","","",""
"-79.63","43.68","TORONTO INTL A","6158731","2023-11-08","2023","11","08","","","","","","","","","","","","","","","","","","","","","","",""
"-79.63","43.68","TORONTO INTL A","6158731","2023-11-09","2023","11","09","","","","","","","","","","","","","","","","","","","","","","",""
"-79.63","43.68","TORONTO INTL A","6158731","2023-11-10","2023","11","10","","","","","","","","","","","","","","","","","","","","","","",""
"-79.63","43.68","TORONTO INTL A","6158731","2023-11-11","2023","11","11","","","","","","","","","","","","","","","","","","","","","","",""
"-79.63","43.68","TORONTO INTL A","6158731","2023-11-12","2023","11","12","","","","","","","","","","","","","","","","","","","","","","",""
"-79.63","43.68","TORONTO INTL A","6158731","2023-11-13","2023","11","13","","","","","","","","","","","","","","","","","","","","","","",""
"-79.63","43.68","TORONTO INTL A","6158731","2023-11-14","2023","11","14","","","","","","","","","","","","","","","","","","","","","","",""
"-79.63","43.68","TORONTO INTL A","6158731","2023-11-15","2023","11","15","","","","","","","","","","","","","","","","","","","","","","",""
"-79.63","43.68","TORONTO INTL A","6158731","2023-11-16","2023","11","16","","","","","","","","","","","","","","","","","","","","","","",""
"-79.63","43.68","TORONTO INTL A","6158731","2023-11-17","2023","11","17","","","","","","","","","","","","","","","","","","","","","","",""
"-79.63","43.68","TORONTO INTL A","6158731","2023-11-18","2023","11","18","","","","","","","","","","","","","","","","","","","","","","",""
"-79.63","43.68","TORONTO INTL A","6158731","2023-11-19","2023","11","19","","","","","","","","","","","","","","","","","","","","","","",""
"-79.63","43.68","TORONTO INTL A","6158731","2023-11-20","2023","11","20","","","","","","","","","","","","","","","","","","","","","","",""
"-79.63","43.68","TORONTO INTL A","6158731","2023-11-21","2023","11","21","","","","","","","","","","","","","","","","","","","","","","",""
"-79.63","43.68","TORONTO INTL A","6158731","2023-11-22","2023","11","22","","","","","","","","","","","","","","","","","","","","","","",""
"-79.63","43.68","TORONTO INTL A","6158731","2023-11-23","2023","11","23","","","","","","","","","","","","","","","","","","","","","","",""
"-79.63","43.68","TORONTO INTL A","6158731","2023-11-24","2023","11","24","","","","","","","","","","","","","","","","","","","","","","",""
"-79.63","43.68","TORONTO INTL A","6158731","2023-11-25","2023","11","25","","","","","","","","","","","","","","","","","","","","","","",""
"-79.63","43.68","TORONTO INTL A","6158731","2023-11-26","2023","11","26","","","","","","","","","","","","","","","","","","","","","","",""
"-79.63","43.68","TORONTO INTL A","6158731","2023-11-27","2023","11","27","","","","","","","","","","","","","","","","","","","","","","",""
"-79.63","43.68","TORONTO INTL A","6158731","2023-11-28","2023","11","28","","","","","","","","","","","","","","","","","","","","","","",""
"-79.63","43.68","TORONTO INTL A","6158731","2023-11-29","2023","11","29","","","","","","","","","","","","","","","","","","","","","","",""
"-79.63","43.68","TORONTO INTL A","6158731","2023-11-30","2023","11","30","","","","","","","","","","","","","","","","","","","","","","",""
"-79.63","43.68","TORONTO INTL A","6158731","2023-12-01","2023","12","01","","","","","","","","","","","","","","","","","","","","","","",""
"-79.63","43.68","TORONTO INTL A","6158731","2023-12-02","2023","12","02","","","","","","","","","","","","","","","","","","","","","","",""
"-79.63","43.68","TORONTO INTL A","6158731","2023-12-03","2023","12","03","","","","","","","","","","","","","","","","","","","","","","",""
"-79.63","43.68","TORONTO INTL A","6158731","2023-12-04","2023","12","04","","","","","","","","","","","","","","","","","","","","","","",""
"-79.63","43.68","TORONTO INTL A","6158731","2023-12-05","2023","12","05","","","","","","","","","","","","","","","","","","","","","","",""
"-79.63","43.68","TORONTO INTL A","6158731","2023-12-06","2023","12","06","","","","","","","","","","","","","","","","","","","","","","",""
"-79.63","43.68","TORONTO INTL A","6158731","2023-12-07","2023","12","07","","","","","","","","","","","","","","","","","","","","","","",""
"-79.63","43.68","TORONTO INTL A","6158731","2023-12-08","2023","12","08","","","","","","","","","","","","","","","","","","","","","","",""
"-79.63","43.68","TORONTO INTL A","6158731","2023-12-09","2023","12","09","","","","","","","","","","","","","","","","","","","","","","",""
"-79.63","43.68","TORONTO INTL A","6158731","2023-12-10","2023","12","10","","","","","","","","","","","","","","","","","","","","","","",""
"-79.63","43.68","TORONTO INTL A","6158731","2023-12-11","2023","12","11","","","","","","","","","","","","","","","","","","","","","","",""
"-79.63","43.68","TORONTO INTL A","6158731","2023-12-12","2023","12","12","","","","","","","","","","","","","","","","","","","","","","",""
"-79.63","43.68","TORONTO INTL A","6158731","2023-12-13","2023","12","13","","","","","","","","","","","","","","","","","","","","","","",""
"-79.63","43.68","TORONTO INTL A","6158731","2023-12-14","2023","12","14","","","","","","","","","","","","","","","","","","","","","","",""
"-79.63","43.68","TORONTO INTL A","6158731","2023-12-15","2023","12","15","","","","","","","","","","","","","","","","","","","","","","",""
"-79.63","43.68","TORONTO INTL A","6158731","2023-12-16","2023","12","16","","","","","","","","","","","","","","","","","","","","","","",""
"-79.63","43.68","TORONTO INTL A","6158731","2023-12-17","2023","12","17","","","","","","","","","","","","","","","","","","","","","","",""
"-79.63","43.68","TORONTO INTL A","6158731","2023-12-18","2023","12","18","","","","","","","","","","","","","","","","","","","","","","",""
"-79.63","43.68","TORONTO INTL A","6158731","2023-12-19","2023","12","19","","","","","","","","","","","","","","","","","","","","","","",""
"-79.63","43.68","TORONTO INTL A","6158731","2023-12-20","2023","12","20","","","","","","","","","","","","","","","","","","","","","","",""
"-79.63","43.68","TORONTO INTL A","6158731","2023-12-21","2023","12","21","","","","","","","","","","","","","","","","","","","","","","",""
"-79.63","43.68","TORONTO INTL A","6158731","2023-12-22","2023","12","22","","","","","","","","","","","","","","","","","","","","","","",""
"-79.63","43.68","TORONTO INTL A","6158731","2023-12-23","2023","12","23","","","","","","","","","","","","","","","","","","","","","","",""
"-79.63","43.68","TORONTO INTL A","6158731","2023-12-24","2023","12","24","","","","","","","","","","","","","","","","","","","","","","",""
"-79.63","43.68","TORONTO INTL A","6158731","2023-12-25","2023","12","25","","","","","","","","","","","","","","","","","","","","","","",""
"-79.63","43.68","TORONTO INTL A","6158731","2023-12-26","2023","12","26","","","","","","","","","","","","","","","","","","","","","","",""
"-79.63","43.68","TORONTO INTL A","6158731","2023-12-27","2023","12","27","","","","","","","","","","","","","","","","","","","","","","",""
"-79.63","43.68","TORONTO INTL A","6158731","2023-12-28","2023","12","28","","","","","","","","","","","","","","","","","","","","","","",""
"-79.63","43.68","TORONTO INTL A","6158731","2023-12-29","2023","12","29","","","","","","","","","","","","","","","","","","","","","","",""
"-79.63","43.68","TORONTO INTL A","6158731","2023-12-30","2023","12","30","","","","","","","","","","","","","","","","","","","","","","",""
"-79.63","43.68","TORONTO INTL A","6158731","2023-12-31","2023","12","31","","","","","","","","","","","","","","","","","","","","","","",""
